,QueryID,SubjectID,Perc.Ident,Alignment.Length,Mismatches,Gap.Openings,Q.start,Q.end,S.start,S.end,E,Bits,kmer.id
1,kmer_1,Ciliophora_sp|UDB0736641|SH3337325.08FU|reps|k__Fungi;p__Ascomycota;c__Pezizomycotina_cls_Incertae_sedis;o__Pezizomycotina_ord_Incertae_sedis;f__Pezizomycotina_fam_Incertae_sedis;g__Ciliophora;s__Ciliophora_sp,100,13,0,0,1,13,268,280,2.4,25.1,kmer_1
2,kmer_1,Fungi_sp|UDB0712669|SH3338428.08FU|reps|k__Fungi;p__unidentified;c__unidentified;o__unidentified;f__unidentified;g__unidentified;s__Fungi_sp,100,13,0,0,1,13,328,340,2.4,25.1,kmer_1
3,kmer_1,Ciliophora_sp|UDB0724225|SH3337331.08FU|reps|k__Fungi;p__Ascomycota;c__Pezizomycotina_cls_Incertae_sedis;o__Pezizomycotina_ord_Incertae_sedis;f__Pezizomycotina_fam_Incertae_sedis;g__Ciliophora;s__Ciliophora_sp,100,13,0,0,1,13,248,260,2.4,25.1,kmer_1
4,kmer_1,Ciliophora_sp|UDB0498465|SH3318838.08FU|reps|k__Fungi;p__Ascomycota;c__Pezizomycotina_cls_Incertae_sedis;o__Pezizomycotina_ord_Incertae_sedis;f__Pezizomycotina_fam_Incertae_sedis;g__Ciliophora;s__Ciliophora_sp,100,13,0,0,1,13,116,128,2.4,25.1,kmer_1
5,kmer_1,Fungi_sp|UDB0644863|SH3320546.08FU|reps|k__Fungi;p__unidentified;c__unidentified;o__unidentified;f__unidentified;g__unidentified;s__Fungi_sp,100,13,0,0,1,13,352,364,2.4,25.1,kmer_1
6,kmer_1,Ciliophora_sp|UDB0269710|SH3318839.08FU|reps|k__Fungi;p__Ascomycota;c__Pezizomycotina_cls_Incertae_sedis;o__Pezizomycotina_ord_Incertae_sedis;f__Pezizomycotina_fam_Incertae_sedis;g__Ciliophora;s__Ciliophora_sp,100,13,0,0,1,13,281,293,2.4,25.1,kmer_1
7,kmer_1,Blumeria_sp|MT462296|SH2718993.08FU|reps|k__Fungi;p__Ascomycota;c__Leotiomycetes;o__Erysiphales;f__Erysiphaceae;g__Blumeria;s__Blumeria_sp,100,13,0,0,1,13,340,352,2.4,25.1,kmer_1
8,kmer_2,Ciliophora_sp|UDB0736641|SH3337325.08FU|reps|k__Fungi;p__Ascomycota;c__Pezizomycotina_cls_Incertae_sedis;o__Pezizomycotina_ord_Incertae_sedis;f__Pezizomycotina_fam_Incertae_sedis;g__Ciliophora;s__Ciliophora_sp,100,13,0,0,1,13,269,281,2.4,25.1,kmer_2
9,kmer_2,Ciliophora_sp|UDB0724225|SH3337331.08FU|reps|k__Fungi;p__Ascomycota;c__Pezizomycotina_cls_Incertae_sedis;o__Pezizomycotina_ord_Incertae_sedis;f__Pezizomycotina_fam_Incertae_sedis;g__Ciliophora;s__Ciliophora_sp,100,13,0,0,1,13,249,261,2.4,25.1,kmer_2
10,kmer_2,Fungi_sp|UDB0753194|SH3334922.08FU|reps|k__Fungi;p__unidentified;c__unidentified;o__unidentified;f__unidentified;g__unidentified;s__Fungi_sp,100,13,0,0,1,13,263,275,2.4,25.1,kmer_2
11,kmer_2,Ciliophora_sp|UDB0498465|SH3318838.08FU|reps|k__Fungi;p__Ascomycota;c__Pezizomycotina_cls_Incertae_sedis;o__Pezizomycotina_ord_Incertae_sedis;f__Pezizomycotina_fam_Incertae_sedis;g__Ciliophora;s__Ciliophora_sp,100,13,0,0,1,13,117,129,2.4,25.1,kmer_2
12,kmer_2,Ciliophora_sp|UDB0454877|SH3314174.08FU|reps|k__Fungi;p__Ascomycota;c__Pezizomycotina_cls_Incertae_sedis;o__Pezizomycotina_ord_Incertae_sedis;f__Pezizomycotina_fam_Incertae_sedis;g__Ciliophora;s__Ciliophora_sp,100,13,0,0,1,13,271,283,2.4,25.1,kmer_2
13,kmer_2,Ciliophora_sp|UDB0269710|SH3318839.08FU|reps|k__Fungi;p__Ascomycota;c__Pezizomycotina_cls_Incertae_sedis;o__Pezizomycotina_ord_Incertae_sedis;f__Pezizomycotina_fam_Incertae_sedis;g__Ciliophora;s__Ciliophora_sp,100,13,0,0,1,13,282,294,2.4,25.1,kmer_2
14,kmer_2,Blumeria_sp|MT462296|SH2718993.08FU|reps|k__Fungi;p__Ascomycota;c__Leotiomycetes;o__Erysiphales;f__Erysiphaceae;g__Blumeria;s__Blumeria_sp,100,13,0,0,1,13,341,353,2.4,25.1,kmer_2
15,kmer_3,Ciliophora_sp|UDB0736641|SH3337325.08FU|reps|k__Fungi;p__Ascomycota;c__Pezizomycotina_cls_Incertae_sedis;o__Pezizomycotina_ord_Incertae_sedis;f__Pezizomycotina_fam_Incertae_sedis;g__Ciliophora;s__Ciliophora_sp,100,13,0,0,1,13,270,282,2.4,25.1,kmer_3
16,kmer_3,Ciliophora_sp|UDB0724225|SH3337331.08FU|reps|k__Fungi;p__Ascomycota;c__Pezizomycotina_cls_Incertae_sedis;o__Pezizomycotina_ord_Incertae_sedis;f__Pezizomycotina_fam_Incertae_sedis;g__Ciliophora;s__Ciliophora_sp,100,13,0,0,1,13,250,262,2.4,25.1,kmer_3
17,kmer_3,Ciliophora_sp|UDB0498465|SH3318838.08FU|reps|k__Fungi;p__Ascomycota;c__Pezizomycotina_cls_Incertae_sedis;o__Pezizomycotina_ord_Incertae_sedis;f__Pezizomycotina_fam_Incertae_sedis;g__Ciliophora;s__Ciliophora_sp,100,13,0,0,1,13,118,130,2.4,25.1,kmer_3
18,kmer_3,Blumeria_sp|MT462296|SH2718993.08FU|reps|k__Fungi;p__Ascomycota;c__Leotiomycetes;o__Erysiphales;f__Erysiphaceae;g__Blumeria;s__Blumeria_sp,100,13,0,0,1,13,342,354,2.4,25.1,kmer_3
19,kmer_4,Ciliophora_sp|UDB0498465|SH3318838.08FU|reps|k__Fungi;p__Ascomycota;c__Pezizomycotina_cls_Incertae_sedis;o__Pezizomycotina_ord_Incertae_sedis;f__Pezizomycotina_fam_Incertae_sedis;g__Ciliophora;s__Ciliophora_sp,100,13,0,0,1,13,119,131,2.4,25.1,kmer_4
20,kmer_7,Ciliophora_sp|UDB0736641|SH3337325.08FU|reps|k__Fungi;p__Ascomycota;c__Pezizomycotina_cls_Incertae_sedis;o__Pezizomycotina_ord_Incertae_sedis;f__Pezizomycotina_fam_Incertae_sedis;g__Ciliophora;s__Ciliophora_sp,100,14,0,0,1,14,268,281,0.66,27,kmer_7
21,kmer_7,Ciliophora_sp|UDB0724225|SH3337331.08FU|reps|k__Fungi;p__Ascomycota;c__Pezizomycotina_cls_Incertae_sedis;o__Pezizomycotina_ord_Incertae_sedis;f__Pezizomycotina_fam_Incertae_sedis;g__Ciliophora;s__Ciliophora_sp,100,14,0,0,1,14,248,261,0.66,27,kmer_7
22,kmer_7,Fungi_sp|UDB0753194|SH3334922.08FU|reps|k__Fungi;p__unidentified;c__unidentified;o__unidentified;f__unidentified;g__unidentified;s__Fungi_sp,100,14,0,0,1,14,262,275,0.66,27,kmer_7
23,kmer_7,Ciliophora_sp|UDB0498465|SH3318838.08FU|reps|k__Fungi;p__Ascomycota;c__Pezizomycotina_cls_Incertae_sedis;o__Pezizomycotina_ord_Incertae_sedis;f__Pezizomycotina_fam_Incertae_sedis;g__Ciliophora;s__Ciliophora_sp,100,14,0,0,1,14,116,129,0.66,27,kmer_7
24,kmer_7,Ciliophora_sp|UDB0454877|SH3314174.08FU|reps|k__Fungi;p__Ascomycota;c__Pezizomycotina_cls_Incertae_sedis;o__Pezizomycotina_ord_Incertae_sedis;f__Pezizomycotina_fam_Incertae_sedis;g__Ciliophora;s__Ciliophora_sp,100,14,0,0,1,14,270,283,0.66,27,kmer_7
25,kmer_7,Ciliophora_sp|UDB0269710|SH3318839.08FU|reps|k__Fungi;p__Ascomycota;c__Pezizomycotina_cls_Incertae_sedis;o__Pezizomycotina_ord_Incertae_sedis;f__Pezizomycotina_fam_Incertae_sedis;g__Ciliophora;s__Ciliophora_sp,100,14,0,0,1,14,281,294,0.66,27,kmer_7
26,kmer_7,Blumeria_sp|MT462296|SH2718993.08FU|reps|k__Fungi;p__Ascomycota;c__Leotiomycetes;o__Erysiphales;f__Erysiphaceae;g__Blumeria;s__Blumeria_sp,100,14,0,0,1,14,340,353,0.66,27,kmer_7
27,kmer_7,Fungi_sp|UDB0712669|SH3338428.08FU|reps|k__Fungi;p__unidentified;c__unidentified;o__unidentified;f__unidentified;g__unidentified;s__Fungi_sp,100,13,0,0,1,13,328,340,2.4,25.1,kmer_7
28,kmer_7,Fungi_sp|UDB0649898|SH3329295.08FU|reps|k__Fungi;p__unidentified;c__unidentified;o__unidentified;f__unidentified;g__unidentified;s__Fungi_sp,100,13,0,0,1,13,314,326,2.4,25.1,kmer_7
29,kmer_7,Fungi_sp|UDB0237587|SH3337576.08FU|reps|k__Fungi;p__unidentified;c__unidentified;o__unidentified;f__unidentified;g__unidentified;s__Fungi_sp,100,13,0,0,1,13,315,327,2.4,25.1,kmer_7
30,kmer_7,Fungi_sp|UDB0644863|SH3320546.08FU|reps|k__Fungi;p__unidentified;c__unidentified;o__unidentified;f__unidentified;g__unidentified;s__Fungi_sp,100,13,0,0,1,13,352,364,2.4,25.1,kmer_7
31,kmer_7,Fungi_sp|UDB0379740|SH3314860.08FU|reps|k__Fungi;p__unidentified;c__unidentified;o__unidentified;f__unidentified;g__unidentified;s__Fungi_sp,100,13,0,0,1,13,302,314,2.4,25.1,kmer_7
32,kmer_8,Ciliophora_sp|UDB0736641|SH3337325.08FU|reps|k__Fungi;p__Ascomycota;c__Pezizomycotina_cls_Incertae_sedis;o__Pezizomycotina_ord_Incertae_sedis;f__Pezizomycotina_fam_Incertae_sedis;g__Ciliophora;s__Ciliophora_sp,100,14,0,0,1,14,269,282,0.66,27,kmer_8
33,kmer_8,Ciliophora_sp|UDB0724225|SH3337331.08FU|reps|k__Fungi;p__Ascomycota;c__Pezizomycotina_cls_Incertae_sedis;o__Pezizomycotina_ord_Incertae_sedis;f__Pezizomycotina_fam_Incertae_sedis;g__Ciliophora;s__Ciliophora_sp,100,14,0,0,1,14,249,262,0.66,27,kmer_8
34,kmer_8,Ciliophora_sp|UDB0498465|SH3318838.08FU|reps|k__Fungi;p__Ascomycota;c__Pezizomycotina_cls_Incertae_sedis;o__Pezizomycotina_ord_Incertae_sedis;f__Pezizomycotina_fam_Incertae_sedis;g__Ciliophora;s__Ciliophora_sp,100,14,0,0,1,14,117,130,0.66,27,kmer_8
35,kmer_8,Blumeria_sp|MT462296|SH2718993.08FU|reps|k__Fungi;p__Ascomycota;c__Leotiomycetes;o__Erysiphales;f__Erysiphaceae;g__Blumeria;s__Blumeria_sp,100,14,0,0,1,14,341,354,0.66,27,kmer_8
36,kmer_8,Fungi_sp|UDB0753194|SH3334922.08FU|reps|k__Fungi;p__unidentified;c__unidentified;o__unidentified;f__unidentified;g__unidentified;s__Fungi_sp,100,13,0,0,1,13,263,275,2.4,25.1,kmer_8
37,kmer_8,Ciliophora_sp|UDB0454877|SH3314174.08FU|reps|k__Fungi;p__Ascomycota;c__Pezizomycotina_cls_Incertae_sedis;o__Pezizomycotina_ord_Incertae_sedis;f__Pezizomycotina_fam_Incertae_sedis;g__Ciliophora;s__Ciliophora_sp,100,13,0,0,1,13,271,283,2.4,25.1,kmer_8
38,kmer_8,Ciliophora_sp|UDB0269710|SH3318839.08FU|reps|k__Fungi;p__Ascomycota;c__Pezizomycotina_cls_Incertae_sedis;o__Pezizomycotina_ord_Incertae_sedis;f__Pezizomycotina_fam_Incertae_sedis;g__Ciliophora;s__Ciliophora_sp,100,13,0,0,1,13,282,294,2.4,25.1,kmer_8
39,kmer_9,Ciliophora_sp|UDB0498465|SH3318838.08FU|reps|k__Fungi;p__Ascomycota;c__Pezizomycotina_cls_Incertae_sedis;o__Pezizomycotina_ord_Incertae_sedis;f__Pezizomycotina_fam_Incertae_sedis;g__Ciliophora;s__Ciliophora_sp,100,14,0,0,1,14,118,131,0.66,27,kmer_9
40,kmer_9,Ciliophora_sp|UDB0736641|SH3337325.08FU|reps|k__Fungi;p__Ascomycota;c__Pezizomycotina_cls_Incertae_sedis;o__Pezizomycotina_ord_Incertae_sedis;f__Pezizomycotina_fam_Incertae_sedis;g__Ciliophora;s__Ciliophora_sp,100,13,0,0,1,13,270,282,2.4,25.1,kmer_9
41,kmer_9,Ciliophora_sp|UDB0724225|SH3337331.08FU|reps|k__Fungi;p__Ascomycota;c__Pezizomycotina_cls_Incertae_sedis;o__Pezizomycotina_ord_Incertae_sedis;f__Pezizomycotina_fam_Incertae_sedis;g__Ciliophora;s__Ciliophora_sp,100,13,0,0,1,13,250,262,2.4,25.1,kmer_9
42,kmer_9,Blumeria_sp|MT462296|SH2718993.08FU|reps|k__Fungi;p__Ascomycota;c__Leotiomycetes;o__Erysiphales;f__Erysiphaceae;g__Blumeria;s__Blumeria_sp,100,13,0,0,1,13,342,354,2.4,25.1,kmer_9
43,kmer_10,Ciliophora_sp|UDB0498465|SH3318838.08FU|reps|k__Fungi;p__Ascomycota;c__Pezizomycotina_cls_Incertae_sedis;o__Pezizomycotina_ord_Incertae_sedis;f__Pezizomycotina_fam_Incertae_sedis;g__Ciliophora;s__Ciliophora_sp,100,13,0,0,1,13,119,131,2.4,25.1,kmer_10
44,kmer_12,Ciliophora_sp|UDB0736641|SH3337325.08FU|reps|k__Fungi;p__Ascomycota;c__Pezizomycotina_cls_Incertae_sedis;o__Pezizomycotina_ord_Incertae_sedis;f__Pezizomycotina_fam_Incertae_sedis;g__Ciliophora;s__Ciliophora_sp,100,15,0,0,1,15,268,282,0.18,28.8,kmer_12
45,kmer_12,Ciliophora_sp|UDB0724225|SH3337331.08FU|reps|k__Fungi;p__Ascomycota;c__Pezizomycotina_cls_Incertae_sedis;o__Pezizomycotina_ord_Incertae_sedis;f__Pezizomycotina_fam_Incertae_sedis;g__Ciliophora;s__Ciliophora_sp,100,15,0,0,1,15,248,262,0.18,28.8,kmer_12
46,kmer_12,Ciliophora_sp|UDB0498465|SH3318838.08FU|reps|k__Fungi;p__Ascomycota;c__Pezizomycotina_cls_Incertae_sedis;o__Pezizomycotina_ord_Incertae_sedis;f__Pezizomycotina_fam_Incertae_sedis;g__Ciliophora;s__Ciliophora_sp,100,15,0,0,1,15,116,130,0.18,28.8,kmer_12
47,kmer_12,Blumeria_sp|MT462296|SH2718993.08FU|reps|k__Fungi;p__Ascomycota;c__Leotiomycetes;o__Erysiphales;f__Erysiphaceae;g__Blumeria;s__Blumeria_sp,100,15,0,0,1,15,340,354,0.18,28.8,kmer_12
48,kmer_12,Fungi_sp|UDB0753194|SH3334922.08FU|reps|k__Fungi;p__unidentified;c__unidentified;o__unidentified;f__unidentified;g__unidentified;s__Fungi_sp,100,14,0,0,1,14,262,275,0.66,27,kmer_12
49,kmer_12,Ciliophora_sp|UDB0454877|SH3314174.08FU|reps|k__Fungi;p__Ascomycota;c__Pezizomycotina_cls_Incertae_sedis;o__Pezizomycotina_ord_Incertae_sedis;f__Pezizomycotina_fam_Incertae_sedis;g__Ciliophora;s__Ciliophora_sp,100,14,0,0,1,14,270,283,0.66,27,kmer_12
50,kmer_12,Ciliophora_sp|UDB0269710|SH3318839.08FU|reps|k__Fungi;p__Ascomycota;c__Pezizomycotina_cls_Incertae_sedis;o__Pezizomycotina_ord_Incertae_sedis;f__Pezizomycotina_fam_Incertae_sedis;g__Ciliophora;s__Ciliophora_sp,100,14,0,0,1,14,281,294,0.66,27,kmer_12
51,kmer_12,Fungi_sp|UDB0712669|SH3338428.08FU|reps|k__Fungi;p__unidentified;c__unidentified;o__unidentified;f__unidentified;g__unidentified;s__Fungi_sp,100,13,0,0,1,13,328,340,2.4,25.1,kmer_12
52,kmer_12,Fungi_sp|UDB0649898|SH3329295.08FU|reps|k__Fungi;p__unidentified;c__unidentified;o__unidentified;f__unidentified;g__unidentified;s__Fungi_sp,100,13,0,0,1,13,314,326,2.4,25.1,kmer_12
53,kmer_12,Fungi_sp|UDB0237587|SH3337576.08FU|reps|k__Fungi;p__unidentified;c__unidentified;o__unidentified;f__unidentified;g__unidentified;s__Fungi_sp,100,13,0,0,1,13,315,327,2.4,25.1,kmer_12
54,kmer_12,Fungi_sp|UDB0644863|SH3320546.08FU|reps|k__Fungi;p__unidentified;c__unidentified;o__unidentified;f__unidentified;g__unidentified;s__Fungi_sp,100,13,0,0,1,13,352,364,2.4,25.1,kmer_12
55,kmer_12,Fungi_sp|UDB0379740|SH3314860.08FU|reps|k__Fungi;p__unidentified;c__unidentified;o__unidentified;f__unidentified;g__unidentified;s__Fungi_sp,100,13,0,0,1,13,302,314,2.4,25.1,kmer_12
56,kmer_13,Ciliophora_sp|UDB0498465|SH3318838.08FU|reps|k__Fungi;p__Ascomycota;c__Pezizomycotina_cls_Incertae_sedis;o__Pezizomycotina_ord_Incertae_sedis;f__Pezizomycotina_fam_Incertae_sedis;g__Ciliophora;s__Ciliophora_sp,100,15,0,0,1,15,117,131,0.18,28.8,kmer_13
57,kmer_13,Ciliophora_sp|UDB0736641|SH3337325.08FU|reps|k__Fungi;p__Ascomycota;c__Pezizomycotina_cls_Incertae_sedis;o__Pezizomycotina_ord_Incertae_sedis;f__Pezizomycotina_fam_Incertae_sedis;g__Ciliophora;s__Ciliophora_sp,100,14,0,0,1,14,269,282,0.66,27,kmer_13
58,kmer_13,Ciliophora_sp|UDB0724225|SH3337331.08FU|reps|k__Fungi;p__Ascomycota;c__Pezizomycotina_cls_Incertae_sedis;o__Pezizomycotina_ord_Incertae_sedis;f__Pezizomycotina_fam_Incertae_sedis;g__Ciliophora;s__Ciliophora_sp,100,14,0,0,1,14,249,262,0.66,27,kmer_13
59,kmer_13,Blumeria_sp|MT462296|SH2718993.08FU|reps|k__Fungi;p__Ascomycota;c__Leotiomycetes;o__Erysiphales;f__Erysiphaceae;g__Blumeria;s__Blumeria_sp,100,14,0,0,1,14,341,354,0.66,27,kmer_13
60,kmer_13,Fungi_sp|UDB0753194|SH3334922.08FU|reps|k__Fungi;p__unidentified;c__unidentified;o__unidentified;f__unidentified;g__unidentified;s__Fungi_sp,100,13,0,0,1,13,263,275,2.4,25.1,kmer_13
61,kmer_13,Ciliophora_sp|UDB0454877|SH3314174.08FU|reps|k__Fungi;p__Ascomycota;c__Pezizomycotina_cls_Incertae_sedis;o__Pezizomycotina_ord_Incertae_sedis;f__Pezizomycotina_fam_Incertae_sedis;g__Ciliophora;s__Ciliophora_sp,100,13,0,0,1,13,271,283,2.4,25.1,kmer_13
62,kmer_13,Ciliophora_sp|UDB0269710|SH3318839.08FU|reps|k__Fungi;p__Ascomycota;c__Pezizomycotina_cls_Incertae_sedis;o__Pezizomycotina_ord_Incertae_sedis;f__Pezizomycotina_fam_Incertae_sedis;g__Ciliophora;s__Ciliophora_sp,100,13,0,0,1,13,282,294,2.4,25.1,kmer_13
63,kmer_14,Ciliophora_sp|UDB0498465|SH3318838.08FU|reps|k__Fungi;p__Ascomycota;c__Pezizomycotina_cls_Incertae_sedis;o__Pezizomycotina_ord_Incertae_sedis;f__Pezizomycotina_fam_Incertae_sedis;g__Ciliophora;s__Ciliophora_sp,100,14,0,0,1,14,118,131,0.66,27,kmer_14
64,kmer_14,Ciliophora_sp|UDB0736641|SH3337325.08FU|reps|k__Fungi;p__Ascomycota;c__Pezizomycotina_cls_Incertae_sedis;o__Pezizomycotina_ord_Incertae_sedis;f__Pezizomycotina_fam_Incertae_sedis;g__Ciliophora;s__Ciliophora_sp,100,13,0,0,1,13,270,282,2.4,25.1,kmer_14
65,kmer_14,Ciliophora_sp|UDB0724225|SH3337331.08FU|reps|k__Fungi;p__Ascomycota;c__Pezizomycotina_cls_Incertae_sedis;o__Pezizomycotina_ord_Incertae_sedis;f__Pezizomycotina_fam_Incertae_sedis;g__Ciliophora;s__Ciliophora_sp,100,13,0,0,1,13,250,262,2.4,25.1,kmer_14
66,kmer_14,Blumeria_sp|MT462296|SH2718993.08FU|reps|k__Fungi;p__Ascomycota;c__Leotiomycetes;o__Erysiphales;f__Erysiphaceae;g__Blumeria;s__Blumeria_sp,100,13,0,0,1,13,342,354,2.4,25.1,kmer_14
67,kmer_15,Ciliophora_sp|UDB0498465|SH3318838.08FU|reps|k__Fungi;p__Ascomycota;c__Pezizomycotina_cls_Incertae_sedis;o__Pezizomycotina_ord_Incertae_sedis;f__Pezizomycotina_fam_Incertae_sedis;g__Ciliophora;s__Ciliophora_sp,100,13,0,0,1,13,119,131,2.4,25.1,kmer_15
68,kmer_16,Ciliophora_sp|UDB0498465|SH3318838.08FU|reps|k__Fungi;p__Ascomycota;c__Pezizomycotina_cls_Incertae_sedis;o__Pezizomycotina_ord_Incertae_sedis;f__Pezizomycotina_fam_Incertae_sedis;g__Ciliophora;s__Ciliophora_sp,100,16,0,0,1,16,116,131,0.051,30.7,kmer_16
69,kmer_16,Ciliophora_sp|UDB0736641|SH3337325.08FU|reps|k__Fungi;p__Ascomycota;c__Pezizomycotina_cls_Incertae_sedis;o__Pezizomycotina_ord_Incertae_sedis;f__Pezizomycotina_fam_Incertae_sedis;g__Ciliophora;s__Ciliophora_sp,100,15,0,0,1,15,268,282,0.18,28.8,kmer_16
70,kmer_16,Ciliophora_sp|UDB0724225|SH3337331.08FU|reps|k__Fungi;p__Ascomycota;c__Pezizomycotina_cls_Incertae_sedis;o__Pezizomycotina_ord_Incertae_sedis;f__Pezizomycotina_fam_Incertae_sedis;g__Ciliophora;s__Ciliophora_sp,100,15,0,0,1,15,248,262,0.18,28.8,kmer_16
71,kmer_16,Blumeria_sp|MT462296|SH2718993.08FU|reps|k__Fungi;p__Ascomycota;c__Leotiomycetes;o__Erysiphales;f__Erysiphaceae;g__Blumeria;s__Blumeria_sp,100,15,0,0,1,15,340,354,0.18,28.8,kmer_16
72,kmer_16,Fungi_sp|UDB0753194|SH3334922.08FU|reps|k__Fungi;p__unidentified;c__unidentified;o__unidentified;f__unidentified;g__unidentified;s__Fungi_sp,100,14,0,0,1,14,262,275,0.66,27,kmer_16
73,kmer_16,Ciliophora_sp|UDB0454877|SH3314174.08FU|reps|k__Fungi;p__Ascomycota;c__Pezizomycotina_cls_Incertae_sedis;o__Pezizomycotina_ord_Incertae_sedis;f__Pezizomycotina_fam_Incertae_sedis;g__Ciliophora;s__Ciliophora_sp,100,14,0,0,1,14,270,283,0.66,27,kmer_16
74,kmer_16,Ciliophora_sp|UDB0269710|SH3318839.08FU|reps|k__Fungi;p__Ascomycota;c__Pezizomycotina_cls_Incertae_sedis;o__Pezizomycotina_ord_Incertae_sedis;f__Pezizomycotina_fam_Incertae_sedis;g__Ciliophora;s__Ciliophora_sp,100,14,0,0,1,14,281,294,0.66,27,kmer_16
75,kmer_16,Fungi_sp|UDB0712669|SH3338428.08FU|reps|k__Fungi;p__unidentified;c__unidentified;o__unidentified;f__unidentified;g__unidentified;s__Fungi_sp,100,13,0,0,1,13,328,340,2.4,25.1,kmer_16
76,kmer_16,Fungi_sp|UDB0649898|SH3329295.08FU|reps|k__Fungi;p__unidentified;c__unidentified;o__unidentified;f__unidentified;g__unidentified;s__Fungi_sp,100,13,0,0,1,13,314,326,2.4,25.1,kmer_16
77,kmer_16,Fungi_sp|UDB0237587|SH3337576.08FU|reps|k__Fungi;p__unidentified;c__unidentified;o__unidentified;f__unidentified;g__unidentified;s__Fungi_sp,100,13,0,0,1,13,315,327,2.4,25.1,kmer_16
78,kmer_16,Fungi_sp|UDB0644863|SH3320546.08FU|reps|k__Fungi;p__unidentified;c__unidentified;o__unidentified;f__unidentified;g__unidentified;s__Fungi_sp,100,13,0,0,1,13,352,364,2.4,25.1,kmer_16
79,kmer_16,Fungi_sp|UDB0379740|SH3314860.08FU|reps|k__Fungi;p__unidentified;c__unidentified;o__unidentified;f__unidentified;g__unidentified;s__Fungi_sp,100,13,0,0,1,13,302,314,2.4,25.1,kmer_16
80,kmer_17,Ciliophora_sp|UDB0498465|SH3318838.08FU|reps|k__Fungi;p__Ascomycota;c__Pezizomycotina_cls_Incertae_sedis;o__Pezizomycotina_ord_Incertae_sedis;f__Pezizomycotina_fam_Incertae_sedis;g__Ciliophora;s__Ciliophora_sp,100,15,0,0,1,15,117,131,0.18,28.8,kmer_17
81,kmer_17,Ciliophora_sp|UDB0736641|SH3337325.08FU|reps|k__Fungi;p__Ascomycota;c__Pezizomycotina_cls_Incertae_sedis;o__Pezizomycotina_ord_Incertae_sedis;f__Pezizomycotina_fam_Incertae_sedis;g__Ciliophora;s__Ciliophora_sp,100,14,0,0,1,14,269,282,0.66,27,kmer_17
82,kmer_17,Ciliophora_sp|UDB0724225|SH3337331.08FU|reps|k__Fungi;p__Ascomycota;c__Pezizomycotina_cls_Incertae_sedis;o__Pezizomycotina_ord_Incertae_sedis;f__Pezizomycotina_fam_Incertae_sedis;g__Ciliophora;s__Ciliophora_sp,100,14,0,0,1,14,249,262,0.66,27,kmer_17
83,kmer_17,Blumeria_sp|MT462296|SH2718993.08FU|reps|k__Fungi;p__Ascomycota;c__Leotiomycetes;o__Erysiphales;f__Erysiphaceae;g__Blumeria;s__Blumeria_sp,100,14,0,0,1,14,341,354,0.66,27,kmer_17
84,kmer_17,Fungi_sp|UDB0753194|SH3334922.08FU|reps|k__Fungi;p__unidentified;c__unidentified;o__unidentified;f__unidentified;g__unidentified;s__Fungi_sp,100,13,0,0,1,13,263,275,2.4,25.1,kmer_17
85,kmer_17,Ciliophora_sp|UDB0454877|SH3314174.08FU|reps|k__Fungi;p__Ascomycota;c__Pezizomycotina_cls_Incertae_sedis;o__Pezizomycotina_ord_Incertae_sedis;f__Pezizomycotina_fam_Incertae_sedis;g__Ciliophora;s__Ciliophora_sp,100,13,0,0,1,13,271,283,2.4,25.1,kmer_17
86,kmer_17,Ciliophora_sp|UDB0269710|SH3318839.08FU|reps|k__Fungi;p__Ascomycota;c__Pezizomycotina_cls_Incertae_sedis;o__Pezizomycotina_ord_Incertae_sedis;f__Pezizomycotina_fam_Incertae_sedis;g__Ciliophora;s__Ciliophora_sp,100,13,0,0,1,13,282,294,2.4,25.1,kmer_17
87,kmer_18,Ciliophora_sp|UDB0498465|SH3318838.08FU|reps|k__Fungi;p__Ascomycota;c__Pezizomycotina_cls_Incertae_sedis;o__Pezizomycotina_ord_Incertae_sedis;f__Pezizomycotina_fam_Incertae_sedis;g__Ciliophora;s__Ciliophora_sp,100,14,0,0,1,14,118,131,0.66,27,kmer_18
88,kmer_18,Ciliophora_sp|UDB0736641|SH3337325.08FU|reps|k__Fungi;p__Ascomycota;c__Pezizomycotina_cls_Incertae_sedis;o__Pezizomycotina_ord_Incertae_sedis;f__Pezizomycotina_fam_Incertae_sedis;g__Ciliophora;s__Ciliophora_sp,100,13,0,0,1,13,270,282,2.4,25.1,kmer_18
89,kmer_18,Ciliophora_sp|UDB0724225|SH3337331.08FU|reps|k__Fungi;p__Ascomycota;c__Pezizomycotina_cls_Incertae_sedis;o__Pezizomycotina_ord_Incertae_sedis;f__Pezizomycotina_fam_Incertae_sedis;g__Ciliophora;s__Ciliophora_sp,100,13,0,0,1,13,250,262,2.4,25.1,kmer_18
90,kmer_18,Blumeria_sp|MT462296|SH2718993.08FU|reps|k__Fungi;p__Ascomycota;c__Leotiomycetes;o__Erysiphales;f__Erysiphaceae;g__Blumeria;s__Blumeria_sp,100,13,0,0,1,13,342,354,2.4,25.1,kmer_18
91,kmer_19,Ciliophora_sp|UDB0498465|SH3318838.08FU|reps|k__Fungi;p__Ascomycota;c__Pezizomycotina_cls_Incertae_sedis;o__Pezizomycotina_ord_Incertae_sedis;f__Pezizomycotina_fam_Incertae_sedis;g__Ciliophora;s__Ciliophora_sp,100,16,0,0,1,16,116,131,0.051,30.7,kmer_19
92,kmer_19,Ciliophora_sp|UDB0736641|SH3337325.08FU|reps|k__Fungi;p__Ascomycota;c__Pezizomycotina_cls_Incertae_sedis;o__Pezizomycotina_ord_Incertae_sedis;f__Pezizomycotina_fam_Incertae_sedis;g__Ciliophora;s__Ciliophora_sp,100,15,0,0,1,15,268,282,0.18,28.8,kmer_19
93,kmer_19,Ciliophora_sp|UDB0724225|SH3337331.08FU|reps|k__Fungi;p__Ascomycota;c__Pezizomycotina_cls_Incertae_sedis;o__Pezizomycotina_ord_Incertae_sedis;f__Pezizomycotina_fam_Incertae_sedis;g__Ciliophora;s__Ciliophora_sp,100,15,0,0,1,15,248,262,0.18,28.8,kmer_19
94,kmer_19,Blumeria_sp|MT462296|SH2718993.08FU|reps|k__Fungi;p__Ascomycota;c__Leotiomycetes;o__Erysiphales;f__Erysiphaceae;g__Blumeria;s__Blumeria_sp,100,15,0,0,1,15,340,354,0.18,28.8,kmer_19
95,kmer_19,Fungi_sp|UDB0753194|SH3334922.08FU|reps|k__Fungi;p__unidentified;c__unidentified;o__unidentified;f__unidentified;g__unidentified;s__Fungi_sp,100,14,0,0,1,14,262,275,0.66,27,kmer_19
96,kmer_19,Ciliophora_sp|UDB0454877|SH3314174.08FU|reps|k__Fungi;p__Ascomycota;c__Pezizomycotina_cls_Incertae_sedis;o__Pezizomycotina_ord_Incertae_sedis;f__Pezizomycotina_fam_Incertae_sedis;g__Ciliophora;s__Ciliophora_sp,100,14,0,0,1,14,270,283,0.66,27,kmer_19
97,kmer_19,Ciliophora_sp|UDB0269710|SH3318839.08FU|reps|k__Fungi;p__Ascomycota;c__Pezizomycotina_cls_Incertae_sedis;o__Pezizomycotina_ord_Incertae_sedis;f__Pezizomycotina_fam_Incertae_sedis;g__Ciliophora;s__Ciliophora_sp,100,14,0,0,1,14,281,294,0.66,27,kmer_19
98,kmer_19,Fungi_sp|UDB0712669|SH3338428.08FU|reps|k__Fungi;p__unidentified;c__unidentified;o__unidentified;f__unidentified;g__unidentified;s__Fungi_sp,100,13,0,0,1,13,328,340,2.4,25.1,kmer_19
99,kmer_19,Fungi_sp|UDB0649898|SH3329295.08FU|reps|k__Fungi;p__unidentified;c__unidentified;o__unidentified;f__unidentified;g__unidentified;s__Fungi_sp,100,13,0,0,1,13,314,326,2.4,25.1,kmer_19
100,kmer_19,Fungi_sp|UDB0237587|SH3337576.08FU|reps|k__Fungi;p__unidentified;c__unidentified;o__unidentified;f__unidentified;g__unidentified;s__Fungi_sp,100,13,0,0,1,13,315,327,2.4,25.1,kmer_19
101,kmer_19,Fungi_sp|UDB0644863|SH3320546.08FU|reps|k__Fungi;p__unidentified;c__unidentified;o__unidentified;f__unidentified;g__unidentified;s__Fungi_sp,100,13,0,0,1,13,352,364,2.4,25.1,kmer_19
102,kmer_19,Fungi_sp|UDB0379740|SH3314860.08FU|reps|k__Fungi;p__unidentified;c__unidentified;o__unidentified;f__unidentified;g__unidentified;s__Fungi_sp,100,13,0,0,1,13,302,314,2.4,25.1,kmer_19
103,kmer_20,Ciliophora_sp|UDB0498465|SH3318838.08FU|reps|k__Fungi;p__Ascomycota;c__Pezizomycotina_cls_Incertae_sedis;o__Pezizomycotina_ord_Incertae_sedis;f__Pezizomycotina_fam_Incertae_sedis;g__Ciliophora;s__Ciliophora_sp,100,15,0,0,1,15,117,131,0.18,28.8,kmer_20
104,kmer_20,Ciliophora_sp|UDB0736641|SH3337325.08FU|reps|k__Fungi;p__Ascomycota;c__Pezizomycotina_cls_Incertae_sedis;o__Pezizomycotina_ord_Incertae_sedis;f__Pezizomycotina_fam_Incertae_sedis;g__Ciliophora;s__Ciliophora_sp,100,14,0,0,1,14,269,282,0.66,27,kmer_20
105,kmer_20,Ciliophora_sp|UDB0724225|SH3337331.08FU|reps|k__Fungi;p__Ascomycota;c__Pezizomycotina_cls_Incertae_sedis;o__Pezizomycotina_ord_Incertae_sedis;f__Pezizomycotina_fam_Incertae_sedis;g__Ciliophora;s__Ciliophora_sp,100,14,0,0,1,14,249,262,0.66,27,kmer_20
106,kmer_20,Blumeria_sp|MT462296|SH2718993.08FU|reps|k__Fungi;p__Ascomycota;c__Leotiomycetes;o__Erysiphales;f__Erysiphaceae;g__Blumeria;s__Blumeria_sp,100,14,0,0,1,14,341,354,0.66,27,kmer_20
107,kmer_20,Fungi_sp|UDB0753194|SH3334922.08FU|reps|k__Fungi;p__unidentified;c__unidentified;o__unidentified;f__unidentified;g__unidentified;s__Fungi_sp,100,13,0,0,1,13,263,275,2.4,25.1,kmer_20
108,kmer_20,Ciliophora_sp|UDB0454877|SH3314174.08FU|reps|k__Fungi;p__Ascomycota;c__Pezizomycotina_cls_Incertae_sedis;o__Pezizomycotina_ord_Incertae_sedis;f__Pezizomycotina_fam_Incertae_sedis;g__Ciliophora;s__Ciliophora_sp,100,13,0,0,1,13,271,283,2.4,25.1,kmer_20
109,kmer_20,Ciliophora_sp|UDB0269710|SH3318839.08FU|reps|k__Fungi;p__Ascomycota;c__Pezizomycotina_cls_Incertae_sedis;o__Pezizomycotina_ord_Incertae_sedis;f__Pezizomycotina_fam_Incertae_sedis;g__Ciliophora;s__Ciliophora_sp,100,13,0,0,1,13,282,294,2.4,25.1,kmer_20
